{
  "name": "template_bigbasssplashplaygame",
  "displayName": "Big Bass Splash Play Game",
  "description": "Casino slot game template with install page and home page",
  "version": "1.0.0",
  "category": "gambling",
  "defaults": {
    "store": {
      "name": "Big Bass Splash",
      "developer": "HELIX WatchStudio",
      "rating": 5.0,
      "size": "3ML",
      "age": "17+",
      "installs": "1,00"
    },
    "description": "🎰 Big Bass Splash – only in the official casino app! 🚀 Download the mobile app now and dive into a premium online casino experience—anytime, anywhere. Fast, secure, and user-friendly, the app gives you uninterrupted gameplay and complete peace of mind. 🎮 Play the hottest slot games: 🔥 Book of Ra – Explore the mysteries of ancient Egyptian temples and uncover hidden treasures! 🎰 Plinko – A legendary classic with thrilling payouts! ☀ Sun of Egypt 3 – Feel the power of the Egyptian sun and hit massive jackpots! 💰 Royal Coins 2 – Gold, bonuses, and royal prizes await you! 🎰 Seven Hot – A timeless slot with blazing hot rewards! 📲 Why choose this app? ✔ Lightning-fast installation – Your casino is just seconds away! ✔ Exclusive bonuses and promotions – Available only in the app! ✔ Instant payouts and secure transactions – Play worry-free! ✔ A huge selection of premium slots and live casino games – Non-stop entertainment! ✔ Smooth performance – Stable, fast gameplay on any device! 🎊 Download, play, and win big with us! Your journey to huge rewards starts here! 🎰💰",
    "design": {
      "language": "en",
      "category": "gambling"
    },
    "ratings": {
      "5": 70,
      "4": 20,
      "3": 5,
      "2": 3,
      "1": 2
    },
    "reviewsCount": "1M",
    "images": {
      "icon": "static/icons/icon.png",
      "header": "static/home/images/header.jpg",
      "screenshots": [
        "static/home/images/screenshot1.jpg",
        "static/home/images/screenshot2.jpg",
        "static/home/images/screenshot3.jpg",
        "static/home/images/screenshot4.jpg",
        "static/home/images/screenshot5.jpg",
        "static/home/images/screenshot6.jpg"
      ]
    },
    "comments": {
      "list": [
        {
          "username": "Clove.Skilles18",
          "rating": 5,
          "text": "Amazing game! Love the graphics and gameplay. Highly recommended!"
        },
        {
          "username": "Jordan Mann",
          "rating": 5,
          "text": "Best casino game I've played. Great rewards and smooth experience!"
        },
        {
          "username": "Sarah Johnson",
          "rating": 5,
          "text": "Fantastic! The bonuses are great and the interface is beautiful."
        },
        {
          "username": "Mike Thompson",
          "rating": 5,
          "text": "Incredible game with amazing features. Can't stop playing!"
        },
        {
          "username": "Emma Davis",
          "rating": 5,
          "text": "Perfect casino experience. Love all the different games available!"
        }
      ],
      "maintainDates": true
    },
    "tags": ["game", "puzzle", "match-3", "casino", "gambling", "entertainment", "fun", "addictive"]
  }
}

